id,subdistrict_id,soil_type_id,fertility_top,ph_top,ph_low,year
10770102,770102,48,M,5.5-6.5,6.0-7.0,2566
10770103,770103,48,M,5.5-6.5,6.0-7.0,2566
10770104,770104,56,L,5.0-6.0,4.5-5.5,2566
10770105,770105,48,M,5.5-6.5,5.0-6.0,2566
10770106,770106,48,M,5.5-6.5,5.0-6.0,2566
10770201,770201,48,M,5.5-6.5,5.0-6.0,2566
10770202,770202,43,L,5.0-6.5,5.0-6.0,2566
10770206,770206,48,M,5.5-6.5,5.0-6.0,2566
10770207,770207,48,M,5.5-6.5,5.0-6.0,2566
10770301,770301,40,L,5.5-7.0,5.5-8.0,2566
10770302,770302,50,L,5.5-6.5,5.0-5.5,2566
10770303,770303,50,L,5.5-6.5,5.0-5.5,2566
10770304,770304,48,M,5.5-6.5,6.0-7.0,2566
10770305,770305,56,L,5.0-6.0,4.5-5.5,2566
10770306,770306,56,L,5.0-6.0,4.5-5.5,2566
10770401,770401,62,zSC,zSC,zSC,2566
10770402,770402,50,L,5.5-6.5,5.0-5.5,2566
10770403,770403,50,L,5.5-6.5,5.0-5.5,2566
10770404,770404,62,zSC,zSC,zSC,2566
10770405,770405,62,zSC,zSC,zSC,2566
10770406,770406,50,L,5.5-6.5,5.0-5.5,2566
10770407,770407,39,L,4.5-5.5,4.5-5.5,2566
10770501,770501,62,zSC,zSC,zSC,2566
10770502,770502,50,L,5.5-6.5,5.0-5.5,2566
10770503,770503,62,zSC,zSC,zSC,2566
10770504,770504,39,L,4.5-5.5,4.5-5.5,2566
10770505,770505,62,zSC,zSC,zSC,2566
10770602,770602,21,M,6.0-7.0,5.5-6.5,2566
10770607,770607,48,M,5.5-6.5,5.0-6.0,2566
10770608,770608,62,zSC,zSC,zSC,2566
10770609,770609,48,M,5.5-6.5,5.0-6.0,2566
10770703,770703,56,L,5.0-6.5,5.0-6.5,2566
10770704,770704,48,M,5.5-6.5,5.0-6.0,2566
10770705,770705,62,zSC,zSC,zSC,2566
10770706,770706,48,M,5.5-6.5,5.0-6.0,2566
10770707,770707,48,M,5.5-6.5,5.0-6.0,2566
10770802,770802,48,M,5.5-6.5,5.0-6.0,2566
10770803,770803,48,M,5.5-6.5,5.0-6.0,2566
10770804,770804,48,M,5.5-6.5,5.0-6.0,2566
10770805,770805,48,M,5.5-6.5,5.0-6.0,2566
10800101,800101,53,L,5.0-5.5,4.5-5.5,2566
10800107,800107,3,M,5.5-6.5,5.5-8.0,2566
10800108,800108,22,L,4.5-6.0,4.5-5.5,2566
10800112,800112,32,L,4.5-6.0,4.5-5.0,2566
10800113,800113,32,L,5.0-5.5,4.5-5.0,2566
10800114,800114,6,L,5.5-6.5,4.5-5.5,2566
10800115,800115,6,L,5.5-6.5,4.5-5.5,2566
10800116,800116,34,L,5.0-5.5,4.5-5.0,2566
10800118,800118,17,L,4.5-6.0,4.5-5.5,2566
10800120,800120,3,M,5.5-8.0,5.0-6.0,2566
10800122,800122,43,L,4.5-6.0,5.0-6.0,2566
10800201,800201,50,L,5.0-6.5,4.5-5.5,2566
10800202,800202,50,L,5.0-5.5,4.5-5.5,2566
10800203,800203,17,L,4.5-5.0,4.5-5.5,2566
10800204,800204,34,L,5.0-5.5,4.5-5.0,2566
10800205,800205,17,L,5.5-6.5,4.5-5.5,2566
10800301,800301,34,L,5.0-5.5,4.5-5.0,2566
10800302,800302,34,L,5.0-5.5,4.5-5.0,2566
10800303,800303,32,L,5.0-5.5,4.5-5.0,2566
10800304,800304,32,L,5.0-5.5,4.5-5.0,2566
10800305,800305,32,L,4.5-6.0,4.5-5.5,2566
10800401,800401,26,M,5.0-6.5,4.5-5.5,2566
10800403,800403,34,L,5.0-5.5,4.5-5.5,2566
10800404,800404,45,L,5.0-6.0,4.5-5.5,2566
10800405,800405,51,L,4.5-5.0/5.0-5.5,4.5-5.5,2566
10800406,800406,51,L,5.0-5.5,4.5-5.5,2566
10800407,800407,32,L,5.0-5.5,4.5-5.5,2566
10800409,800409,26,L,5.0-5.5,4.5-5.5,2566
10800410,800410,26,L,5.0-5.5,4.5-5.5,2566
10800415,800415,26,L,5.0-5..5,4.5-5.5,2566
10800416,800416,26,L,5.0-5.5,4.5-5.0,2566
10800501,800501,34,L,5.0-5.5,4.5-5.0,2566
10800502,800502,62,L,5.0-6.5,4.5-5.5,2566
10800503,800503,34,L,5.0-5.5,4.5-5.5,2566
10800504,800504,34,L,5.0-5.5,4.5-5.5,2566
10800505,800505,53,L,5.0-5.5,4.5-5.5,2566
10800601,800601,3,M,5.5-8.0,6.5-8.0,2566
10800603,800603,53,L,5.0-5.5,4.5-5.5,2566
10800604,800604,53,L,5.0-5.5,4.5-5.5,2566
10800607,800607,53,L,5.0-5.5,4.5-5.5,2566
10800611,800611,10,M,4.5-5.0,<4.5,2566
10800612,800612,10,M,4.5-5.0,<4.5,2566
10800613,800613,10,M,4.5-5.0,4.5-7.0,2566
10800701,800701,14,L,4.5-5.0,4.5-5.0,2566
10800702,800702,6,L,5.5-6.5,4.5-5.5,2566
10800703,800703,6,L,5.5-6.5,4.5-5.5,2566
10800704,800704,10,L,4.5-5.0,<4.5,2566
10800705,800705,26,L,4.5-5.0,4.5-5.5,2566
10800706,800706,43,L,4.5-5.0,5.0-6.0,2566
10800707,800707,16,L,4.5-6.0,4.5-5.5,2566
10800708,800708,6,L,5.5-6.5,4.5-5.5,2566
10800709,800709,45,L,4.5-6.0,4.5-5.5,2566
10800710,800710,62,L,5.5-6.5,4.5-5.5,2566
10800711,800711,6,L,5.5-6.5,4.5-5.5,2566
10800801,800801,43,L,5.0-6.5,5.0-6.0,2566
10800802,800802,43,L,4.5-6.0,5.0-6.0,2566
10800803,800803,17,L,5.5-6.5,4.5-5.5,2566
10800804,800804,17,L,4.5-6.0,4.5-5.5,2566
10800806,800806,32,L,5.0-5.5,4.5-5.0,2566
10800807,800807,17,L,4.5-6.0,4.5-5.5,2566
10800809,800809,17,L,4.5-6.0,4.5-5.5,2566
10800810,800810,17,M,4.5-6.0,4.5-5.5,2566
10800811,800811,32,L,5.0-5.5,4.5-5.5,2566
10800813,800813,14,L,4.5-5.0,5.0-6.0,2566
10800901,800901,62,zSC,zSC,zSC,2566
10800902,800902,62,L,zSC,4.5-5.5,2566
10800903,800903,53,L,5.0-5.5,4.5-5.5,2566
10800904,800904,34,L,5.0-5.5,4.5-5.5,2566
10800905,800905,34,L,5.0-5.5,4.5-5.5,2566
10800906,800906,34,L,5.0-5.5,4.5-5.5,2566
10800907,800907,34,L,5.0-5.5,4.5-5.0,2566
10800908,800908,62,L,zSC,4.5-5.5,2566
10800909,800909,53,L,5.0-5.5,4.5-5.5,2566
10800910,800910,51,L,5.0-5.5,4.5-5.5,2566
10800911,800911,51,L,5.0-5.5,4.5-5.5,2566
10800912,800912,62,L,zSC,4.5-5.5,2566
10800913,800913,34,L,5.0-6.5,4.5-5.5,2566
10801001,801001,53,L,5.0-5.5,4.5-5.5,2566
10801002,801002,34,L,5.0-5.5,4.5-5.5,2566
10801003,801003,6,L,5.5-6.5,4.5-5.5,2566
10801101,801101,34,L,5.0-5.5,4.5-5.0,2566
10801102,801102,26,L,5.0-5.5,4.5-5.5,2566
10801103,801103,34,L,5.0-5.5,4.5-5.0,2566
10801104,801104,34,L,5.0-5.5,4.5-5.0,2566
10801105,801105,34,L,5.0-5.5,4.5-5.5,2566
10801106,801106,34,L,5.0-5.5,4.5-5.0,2566
10801107,801107,34,L,5.0-6.5/5.0-6.5,4.5-5.5,2566
10801203,801203,53,L,5.0-5.5,4.5-5.5,2566
10801204,801204,3,M,5.5-8.0,6.5-8.0,2566
10801301,801301,34,L,5.0-5.5,4.5-5.5,2566
10801302,801302,51,L,5.0-5.5,4.5-5.5,2566
10801303,801303,17,L,5.0-6.0,4.5-5.5,2566
10801304,801304,50,L,5.0-6.5,4.5-5.5,2566
10801305,801305,43,L,5.0-6.5,5.0-6.0,2566
10801306,801306,32,L,4.5-5.0,4.5-5.5,2566
10801401,801401,43,L,6.0-8.0,4.5-5.5,2566
10801402,801402,23,L,5.0-5.5,4.5-5.5,2566
10801403,801403,17,L,4.5-6.0,4.5-5.5,2566
10801404,801404,43,L,5.0-6.5,4.5-5.5,2566
10801405,801405,6,L,4.5-6.0,4.5-5.5,2566
10801406,801406,62,L,zSC,4.5-5.5,2566
10801407,801407,39,L,5.0-5.5,4.5-5.0,2566
10801408,801408,34,L,5.0-5.5,4.5-5.5,2566
10801409,801409,39,L,5.0-5.5,4.5-5.5,2566
10801501,801501,62,L,5.0-5.5,zSC,2566
10801502,801502,62,L,zSC,4.5-5.5,2566
10801503,801503,62,L,4.5-5.0,4.5-5.5,2566
10801602,801602,43,L,6.0-8.0,6.0-8.0,2566
10801603,801603,10,L,4.5-5.0,4.5-5.5,2566
10801604,801604,10,M,4.5-5.0,<4.5,2566
10801605,801605,34,L,5.0-5.5,4.5-5.0,2566
10801606,801606,50,L,4.5-5.5,4.5-5.5,2566
10801607,801607,53,L,5.0-5.5,4.5-5.5,2566
10801609,801609,3,M,5.5-6.5,5.5-8.0,2566
10801701,801701,62,L,zSC,zSC,2566
10801702,801702,34,L,5.0-5.5,4.5-5.5,2566
10801703,801703,34,L,5.0-6.5,4.5-5.5,2566
10801704,801704,50,L,5.0-5.5,4.5-5.5,2566
10801801,801801,50,L,5.0-6.5,4.5-5.5,2566
10801802,801802,51,L,5.0-5.5,4.5-5.5,2566
10801803,801803,34,L,5.0-5.5,4.5-5.5,2566
10801901,801901,62,zSC,zSC,zSC,2566
10801902,801902,34,L,5.0-5.5,4.5-5.0,2566
10801903,801903,45,L,5.0-6.0,4.5-5.5,2566
10801904,801904,53,L,5.0-5.5,4.5-5.5,2566
10801905,801905,6,L,5.5-6.5,4.5-5.5,2566
10801906,801906,51,L,4.5-5.0,4.5-5.5,2566
10802001,802001,17,L,4.5-6.0,4.5-5.5,2566
10802002,802002,17,L,5.0-6.0,4.5-5.5,2566
10802003,802003,6,L,5.5-6.5,4.5-5.5,2566
10802004,802004,14,L,4.5-5.0,4.5-5.0,2566
10802101,802101,32,L,5.0-5.5,4.5-5.5,2566
10802102,802102,51,L,4.5-5.0,4.5-5.5,2566
10802103,802103,32,L,4.5-6.0,4.5-5.5,2566
10802104,802104,51,L,4.5-5.0,4.5-5.5,2566
10802201,802201,34,L,5.0-5.5,4.5-5.5,2566
10802202,802202,34,L,5.0-5.5,4.5-5.0,2566
10802203,802203,50,L,5.0-5.5,4.5-5.5,2566
10802301,802301,53,L,5.0-5.5,4.5-5.5,2566
10802303,802303,10,M,4.5-5.0,4.5-7.0,2566
10802304,802304,10,L,4.5-5.0,4.5-5.0,2566
10810101,810101,39,L,zSC,zSC,2566
10810103,810103,34,L,5.0-5.5,4.5-5.0,2566
10810105,810105,26,zSC,5.0-6.5,4.5-5.5,2566
10810106,810106,62,zSC,zSC,zSC,2566
10810111,810111,62,zSC,zSC,zSC,2566
10810115,810115,62,zSC,zSC,zSC,2566
10810116,810116,50,L,5.5-6.5,5.0-5.5,2566
10810117,810117,62,L,zSC,zSC,2566
10810118,810118,13,H,6.0-8.0,7.5-8.0,2566
10810201,810201,34,L,5.0-5.5,4.5-5.0,2566
10810202,810202,34,L,5.0-5.5,4.5-5.5,2566
10810203,810203,34,L,5.0-5.5,4.5-5.5,2566
10810204,810204,34,L,5.0-6.5,4.5-5.5,2566
10810205,810205,62,L,zSC,4.5-5.5,2566
10810206,810206,34,L,5.0-5.5,4.5-5.0,2566
10810301,810301,51,L,4.5-5.0,4.5-5.5,2566
10810302,810302,51,L,4.5-5.0,4.5-5.5,2566
10810303,810303,51,L,4.5-5.0,4.5-5.5,2566
10810304,810304,13,L,6.0-8.0,4.5-5.5,2566
10810305,810305,51,L,4.5-5.0,4.5-5.5,2566
10810401,810401,50,L,5.0-6.5/5.0-6.5,4.5-5.5,2566
10810402,810402,34,L,5.0-5.5,4.5-5.5,2566
10810403,810403,34,L,6.0-8.0,4.5-5.5,2566
10810404,810404,34,L,6.0-8.0,4.5-5.5,2566
10810405,810405,34,L,5.0-5.5,4.5-5.0,2566
10810406,810406,34,L,5.0-5.5,4.5-5.0,2566
10810407,810407,34,L,5.0-5.5,4.5-5.0,2566
10810501,810501,62,zSC,zSC,zSC,2566
10810502,810502,34,L,5.0-5.5,4.5-5.5,2566
10810503,810503,34,M,4.5-6.0,4.5-5.5,2566
10810504,810504,62,L,5.0-6.5,4.5-5.5,2566
10810505,810505,13,H,5.0-6.5,4.5-5.5,2566
10810506,810506,26,M,5.0-6.5,4.5-5.5,2566
10810507,810507,26,L,5.0-6.5,4.5-5.5,2566
10810508,810508,34,L,5.0-5.5,4.5-5.5,2566
10810509,810509,62,zSC,5.0-6.5,4.5-5.5,2566
10810601,810601,62,zSC,zSC,4.5-5.5,2566
10810602,810602,34,L,5.0-5.5,4.5-5.5,2566
10810603,810603,34,M,6.0-7.0,4.5-5.5,2566
10810604,810604,34,L,5.0-5.5,4.5-5.5,2566
10810701,810701,62,L,zSC,4.5-5.5,2566
10810702,810702,62,L,zSC,4.5-5.5,2566
10810703,810703,34,L,5.0-5.5,4.5-5.0,2566
10810704,810704,62,zSC,zSC,zSC,2566
10810801,810801,39,L,5.5-6.5,4.5-5.5,2566
10810802,810802,43,L,6.0-8.0,zSC,2566
10810803,810803,50,L,5.5-6.5,5.0-5.5,2566
10810804,810804,13,L,6.0-8.0,7.5-8.0,2566
10810805,810805,34,L,5.0-5.5,4.5-5.0,2566
10810806,810806,43,L,6.0-8.0,5.0-6.0,2566
10810807,810807,34,L,5.0-5.5,4.5-5.0,2566
10810808,810808,34,L,5.0-5.5,4.5-5.5,2566
10820101,820101,26,M,6.0-7.0,4.5-5.5,2566
10820102,820102,26,L,5.0-5.5,4.5-5.5,2566
10820103,820103,53,L,5.0-5.5,4.5-5.5,2566
10820104,820104,53,L,5.0-5.5,4.5-5.5,2566
10820105,820105,53,L,5.0-5.5,4.5-5.5,2566
10820106,820106,53,L,5.0-5.5,4.5-5.5,2566
10820107,820107,53,L,5.0-5.5,4.5-5.5,2566
10820108,820108,62,zSC,zSC,zSC,2566
10820109,820109,26,M,6.0-7.0,4.5-5.5,2566
10820201,820201,13,L,5.0-5.5,4.5-5.5,2566
10820202,820202,34,L,5.0-5.5,4.5-5.0,2566
10820203,820203,62,zSC,zSC,zSC,2566
10820301,820301,53,L,5.0-5.5,4.5-5.5,2566
10820302,820302,26,M,5.0-5.5,4.5-5.5,2566
10820303,820303,26,L,5.0-6.5,4.5-5.5,2566
10820304,820304,53,L,5.0-5.5,4.5-5.5,2566
10820305,820305,26,L,5.0-5.5,4.5-5.5,2566
10820401,820401,26,L,5.0-5.5,4.5-5.5,2566
10820402,820402,26,L,5.0-5.5,4.5-5.5,2566
10820403,820403,26,L,4.5-5.0,4.5-5.5,2566
10820404,820404,26,L,4.5-5.0,4.5-5.5,2566
10820405,820405,26,L,5.0-5.5,4.5-5.5,2566
10820406,820406,26,L,5.0-5.5,4.5-5.5,2566
10820407,820407,999,L,zW,4.5-5.5,2566
10820501,820501,26,L,5.0-6.5,4.5-5.5,2566
10820502,820502,53,L,5.0-5.5,4.5-5.5,2566
10820503,820503,26,L,5.0-6.5,4.5-5.5,2566
10820504,820504,26,L,5.0-6.5,4.5-5.5,2566
10820505,820505,26,L,5.0-5.5,4.5-5.5,2566
10820506,820506,53,L,5.0-5.5,4.5-5.5,2566
10820507,820507,26,L,5.0-6.5,4.5-5.5,2566
10820508,820508,53,L,5.0-5.5,4.5-5.5,2566
10820601,820601,62,zSC,zSC,zSC,2566
10820602,820602,53,L,5.0-5.5,4.5-5.5,2566
10820603,820603,13,L,6.0-8.0,7.5-8.0,2566
10820605,820605,53,L,5.0-5.5,4.5-5.5,2566
10820701,820701,50,L,5.0-6.5,4.5-5.5,2566
10820702,820702,13,L,6.0-8.0,4.5-5.5,2566
10820703,820703,26,L,5.0-5.5,4.5-5.5,2566
10820704,820704,53,L,5.0-5.5,4.5-5.5,2566
10820705,820705,53,L,5.0-5.5,4.5-5.5,2566
10820706,820706,26,L,5.0-5.5,4.5-5.5,2566
10820801,820801,26,L,5.0-6.5,4.5-5.0,2566
10820802,820802,26,L,5.0-5.5,4.5-5.5,2566
10820803,820803,26,L,5.0-6.5,4.5-5.5,2566
10820804,820804,26,L,5.0-5.5,4.5-5.5,2566
10820805,820805,26,L,5.0-5.5,4.5-5.5,2566
10820806,820806,34,L,5.0-5.5,4.5-5.0,2566
10830103,830103,26,L,5.0-5.5,4.5-5.0,2566
10830104,830104,53,L,5.0-5.5,4.5-5.5,2566
10830105,830105,26,L,zSC,4.5-5.5,2566
10830106,830106,26,L,5.0-5.5,4.5-5.0,2566
10830107,830107,26,L,5.0-6.5,4.5-5.5,2566
10830108,830108,999,zBEACH,zBEACH,zBEACH,2566
10830201,830201,26,L,5.0-5.5,4.5-5.5,2566
10830202,830202,26,L,5.0-5.5,4.5-5.5,2566
10830203,830203,999,L,zBEACH,4.5-5.5,2566
10830301,830301,26,L,5.0-6.5,4.5-5.5,2566
10830302,830302,26,L,5.0-5.5,4.5-5.5,2566
10830303,830303,26,L,5.0-6.5,4.5-5.5,2566
10830304,830304,17,L,5.0-5.5,4.5-5.5,2566
10830305,830305,17,L,4.5-6.0,4.5-5.5,2566
10830306,830306,26,L,5.0-6.5,4.5-5.5,2566
10840102,840102,34,L,4.5-5.5,4.5-5.0,2566
10840103,840103,34,L,5.0-5.5,4.5-5.5,2566
10840104,840104,60,L,5.0-6.5,5.5-7.0,2566
10840107,840107,13,H,6.0-8.0,7.5-8.0,2566
10840109,840109,53,L,5.0-5.5,4.5-5.5,2566
10840110,840110,13,L,5.0-5.5,4.5-5.0,2566
10840201,840201,13,L,5.5-6.5,4.5-5.0,2566
10840202,840202,43,L,zSC,5.0-6.0,2566
10840203,840203,23,L,5.0-5.5,4.5-5.0,2566
10840204,840204,51,L,4.5-5.0,4.5-5.5,2566
10840205,840205,62,zSC,zSC,zSC,2566
10840206,840206,62,L,zSC,4.5-5.5,2566
10840207,840207,62,zSC,zSC,zSC,2566
10840208,840208,62,L,zSC,4.5-5.5,2566
10840209,840209,43,L,5.0-6.5,5.0-6.0,2566
10840210,840210,62,zSC,zSC,zSC,2566
10840211,840211,62,L,zSC,4.5-5.5,2566
10840212,840212,17,L,5.0-5.5,4.5-5.5,2566
10840213,840213,50,L,4.5-5.0,4.5-5.5,2566
10840301,840301,62,L,zSC,4.5-5.5,2566
10840302,840302,43,L,5.0-6.5,5.0-6.0,2566
10840303,840303,26,L,5.0-6.5,4.5-5.5,2566
10840304,840304,62,L,zSC,4.5-5.5,2566
10840401,840401,999,zI,zI,zI,2566
10840402,840402,50,L,5.5-6.5,5.0-5.5,2566
10840403,840403,50,L,5.0-5.5,4.5-5.0,2566
10840404,840404,62,L,zSC,zSC,2566
10840405,840405,50,L,5.0-5.5,4.5-5.0,2566
10840406,840406,39,L,4.5-5.5,4.5-5.0,2566
10840407,840407,39,L,4.5-5.5,4.5-5.5,2566
10840501,840501,50,L,4.5-5.5,5.0-5.5,2566
10840502,840502,50,L,5.5-6.5,5.0-5.5,2566
10840601,840601,22,L,5.5-6.5,6.0-8.0,2566
10840602,840602,43,L,4.5-6.0,5.0-6.0,2566
10840603,840603,62,L,zSC,4.5-5.5,2566
10840604,840604,34,L,5.0-5.5,4.5-5.0,2566
10840605,840605,22,L,5.5-6.5,4.5-5.5,2566
10840606,840606,62,L,5.0-5.5,4.5-5.5,2566
10840607,840607,43,L,5.0-6.5,5.0-6.0,2566
10840608,840608,39,L,4.5-5.5,4.5-5.5,2566
10840609,840609,34,L,5.0-5.5,4.5-5.0,2566
10840701,840701,13,L,6.0-8.0,6.0-8.0,2566
10840702,840702,50,L,5.5-6.5,4.5-5.5,2566
10840703,840703,34,L,5.0-5.5,4.5-5.0,2566
10840704,840704,50,L,zSC,4.5-5.5,2566
10840705,840705,43,L,5.0-6.5,5.0-6.0,2566
10840706,840706,34,L,5.0-5.5,4.5-5.0,2566
10840801,840801,39,L,5.0-5.5,4.5-5.5,2566
10840802,840802,32,L,4.5-6.0,4.5-5.0,2566
10840803,840803,34,L,5.0-5.5,4.5-5.0,2566
10840806,840806,50,L,zSC,4.5-5.5,2566
10840807,840807,32,L,zSC,zSC,2566
10840808,840808,62,zSC,zSC,zSC,2566
10840809,840809,34,L,5.0-5.5,4.5-5.0,2566
10840810,840810,62,L,zSC,zSC,2566
10840901,840901,62,zSC,zSC,zSC,2566
10840902,840902,34,L,5.0-5.5,4.5-5.0,2566
10840903,840903,39,L,4.5-5.5,4.5-5.5,2566
10840904,840904,62,zSC,zSC,zSC,2566
10841001,841001,34,L,5.0-5.5,4.5-5.5,2566
10841002,841002,62,L,5.0-6.5,4.5-5.5,2566
10841003,841003,51,L,4.5-5.0,4.5-5.5,2566
10841004,841004,51,L,5.0-5.5,4.5-5.5,2566
10841005,841005,32,L,5.0-5.5,4.5-5.5,2566
10841006,841006,26,L,5.0-6.5,4.5-5.5,2566
10841101,841101,10,L,4.5-6.0,4.5-5.5,2566
10841102,841102,39,L,4.5-5.5,4.5-5.5,2566
10841103,841103,10,M,4.5-5.0,<4.5,2566
10841104,841104,62,L,zSC,zSC,2566
10841105,841105,60,L,5.0-5.5,4.5-5.5,2566
10841106,841106,39,L,4.5-5.5,4.5-5.5,2566
10841201,841201,34,L,5.0-5.5,4.5-5.0,2566
10841202,841202,26,M,5.0-6.5,4.5-5.5,2566
10841203,841203,51,L,5.0-5.5,4.5-5.5,2566
10841204,841204,45,L,5.0-5.5,4.5-5.5,2566
10841205,841205,32,L,4.5-6.0,4.5-5.0,2566
10841206,841206,34,L,5.0-5.5,4.5-5.0,2566
10841207,841207,34,L,4.5-5.5,4.5-5.0,2566
10841208,841208,45,L,5.0-6.0,4.5-5.5,2566
10841209,841209,34,L,4.5-6.0,4.5-5.0,2566
10841210,841210,39,L,4.5-5.5,4.5-5.0,2566
10841211,841211,26,L,5.0-6.5,4.5-5.0,2566
10841301,841301,60,M,5.0-6.5,5.5-7.0,2566
10841302,841302,6,L,5.5-6.5,4.5-5.5,2566
10841303,841303,32,L,4.5-6.0,4.5-5.5,2566
10841304,841304,17,L,5.0-6.0,4.5-5.5,2566
10841401,841401,34,L,5.0-5.5,4.5-5.0,2566
10841402,841402,34,L,5.0-5.5,4.5-5.0,2566
10841403,841403,50,L,5.0-6.5,4.5-5.5,2566
10841404,841404,34,L,5.0-5.5,4.5-5.0,2566
10841405,841405,34,L,5.0-5.5,4.5-5.0,2566
10841501,841501,34,L,5.0-5.5,4.5-5.0,2566
10841502,841502,26,L,5.0-5.5,4.5-5.5,2566
10841503,841503,34,L,5.0-5.5,4.5-5.5,2566
10841504,841504,34,L,5.0-5.5,4.5-5.0,2566
10841505,841505,34,L,5.0-5.5,4.5-5.5,2566
10841601,841601,60,L,5.0-6.5,5.5-7.0,2566
10841602,841602,34,L,5.0-5.5,4.5-5.0,2566
10841603,841603,62,L,zSC,zSC,2566
10841604,841604,60,L,5.0-6.5,5.5-7.0,2566
10841605,841605,34,L,5.0-5.5,4.5-5.0,2566
10841606,841606,34,L,5.0-5.5,4.5-5.0,2566
10841607,841607,34,L,5.0-5.5,4.5-5.0,2566
10841701,841701,32,M,4.5-6.0,4.5-6.0,2566
10841702,841702,10,M,4.5-5.0,<4.5,2566
10841704,841704,32,L,5.5-6.5,4.5-5.5,2566
10841705,841705,32,L,5.0-5.5,4.5-5.0,2566
10841706,841706,34,L,4.5-5.5,4.5-5.5,2566
10841707,841707,34,L,5.0-5.5,4.5-5.0,2566
10841708,841708,53,L,5.0-5.5,4.5-5.5,2566
10841709,841709,39,L,4.5-5.5,4.5-5.5,2566
10841710,841710,62,zSC,zSC,zSC,2566
10841711,841711,32,M,4.5-6.0,4.5-6.0,2566
10841712,841712,60,L,4.5-5.5,4.5-5.5,2566
10841713,841713,10,M,4.5-5.0,<4.5,2566
10841714,841714,32,L,4.5-6.0,4.5-5.5,2566
10841715,841715,62,L,zSC,zSC,2566
10841716,841716,34,L,5.0-5.5,4.5-5.0,2566
10841801,841801,50,L,5.0-6.5,4.5-5.5,2566
10841802,841802,50,L,5.0-6.5,4.5-5.5,2566
10841803,841803,53,L,5.0-5.5,4.5-5.5,2566
10841804,841804,34,L,5.0-5.5,4.5-5.0,2566
10841901,841901,51,L,5.0-5.5,4.5-5.5,2566
10841902,841902,51,L,4.5-5.0,4.5-5.5,2566
10850102,850102,26,M,6.0-7.0,4.5-5.5,2566
10850103,850103,26,M,6.0-7.0,4.5-5.5,2566
10850104,850104,34,L,5.0-5.5,4.5-5.5,2566
10850105,850105,999,zI,zI,zI,2566
10850106,850106,53,L,5.0-5.5,4.5-5.5,2566
10850107,850107,53,L,5.0-5.5,4.5-5.5,2566
10850108,850108,62,zSC,zSC,zSC,2566
10850109,850109,62,zSC,zSC,zSC,2566
10850201,850201,26,M,6.0-7.0,4.5-5.5,2566
10850202,850202,26,M,6.0-7.0,4.5-5.5,2566
10850203,850203,26,M,6.0-7.0,4.5-5.5,2566
10850204,850204,26,M,6.0-7.0,4.5-5.5,2566
10850205,850205,26,M,6.0-7.0,4.5-5.5,2566
10850206,850206,26,L,5.0-6.5,4.5-5.5,2566
10850207,850207,26,M,5.0-6.5,4.5-5.5,2566
10850301,850301,26,L,5.0-5.5,4.5-5.5,2566
10850302,850302,53,L,5.0-5.5,4.5-5.5,2566
10850303,850303,26,M,6.0-7.0,4.5-5.5,2566
10850304,850304,26,M,6.0-7.0,4.5-5.5,2566
10850305,850305,53,L,5.0-5.5,4.5-5.5,2566
10850401,850401,34,M,6.0-7.0,4.5-5.5,2566
10850402,850402,53,L,5.0-5.5,4.5-5.5,2566
10850403,850403,53,L,5.0-5.5,4.5-5.5,2566
10850404,850404,53,L,5.0-5.5,4.5-5.5,2566
10850405,850405,26,M,6.0-7.0,4.5-5.5,2566
10850406,850406,53,L,5.0-5.5,4.5-5.5,2566
10850407,850407,53,L,5.0-5.5,4.5-5.5,2566
10850501,850501,53,L,5.0-5.5,4.5-5.5,2566
10850502,850502,53,L,5.0-5.5,4.5-5.5,2566
10860101,860101,32,L,4.5-6.0,5.0-5.5,2566
10860102,860102,62,zSC,zSC,zSC,2566
10860103,860103,13,H,6.0-8.0,7.5-8.0,2566
10860104,860104,43,L,5.0-6.5,5.0-6.0,2566
10860105,860105,13,H,6.0-8.0,7.5-8.0,2566
10860106,860106,62,zSC,zSC,zSC,2566
10860107,860107,43,L,5.0-6.5,5.0-6.0,2566
10860108,860108,6,L,5.5-6.5,4.5-5.5,2566
10860109,860109,50,L,5.5-6.5,5.0-5.5,2566
10860110,860110,62,zSC,zSC,zSC,2566
10860111,860111,32,M,4.5-6.0,4.5-6.0,2566
10860112,860112,53,L,5.0-5.5,4.5-5.5,2566
10860113,860113,62,zSC,zSC,zSC,2566
10860114,860114,62,zSC,zSC,zSC,2566
10860115,860115,62,zSC,zSC,zSC,2566
10860116,860116,999,zI,zI,zI,2566
10860117,860117,62,zSC,zSC,zSC,2566
10860201,860201,50,L,5.5-6.5,5.0-5.5,2566
10860202,860202,51,L,4.5-5.0,4.5-5.5,2566
10860203,860203,50,L,5.5-6.5,5.0-5.5,2566
10860204,860204,43,L,5.0-6.5,5.0-6.5,2566
10860205,860205,50,L,5.5-6.5,5.0-5.5,2566
10860206,860206,50,L,5.5-6.5,5.0-5.5,2566
10860207,860207,51,L,4.5-5.0,4.5-5.5,2566
10860208,860208,62,zSC,zSC,zSC,2566
10860209,860209,50,L,5.5-6.5,5.0-5.5,2566
10860210,860210,51,L,4.5-5.0,4.5-5.5,2566
10860301,860301,51,L,4.5-5.0,4.5-5.5,2566
10860302,860302,62,zSC,zSC,zSC,2566
10860303,860303,62,zSC,zSC,zSC,2566
10860304,860304,62,zSC,zSC,zSC,2566
10860305,860305,62,zSC,zSC,zSC,2566
10860306,860306,62,zSC,zSC,zSC,2566
10860307,860307,62,zSC,zSC,zSC,2566
10860401,860401,6,L,5.5-6.5,4.5-5.5,2566
10860402,860402,6,L,5.5-6.5,4.5-5.5,2566
10860403,860403,62,zSC,zSC,zSC,2566
10860404,860404,39,L,4.5-5.5,4.5-5.5,2566
10860405,860405,62,zSC,zSC,zSC,2566
10860406,860406,62,zSC,zSC,zSC,2566
10860407,860407,62,zSC,zSC,zSC,2566
10860408,860408,62,zSC,zSC,zSC,2566
10860409,860409,43,L,4.5-6.0,5.0-6.0,2566
10860411,860411,39,L,5.0-5.5,4.5-5.0,2566
10860412,860412,62,zSC,zSC,zSC,2566
10860413,860413,50,L,5.5-6.5,5.0-5.5,2566
10860501,860501,34,L,5.0-5.5,4.5-5.0,2566
10860502,860502,62,zSC,zSC,zSC,2566
10860503,860503,39,L,4.5-5.5,4.5-5.5,2566
10860504,860504,50,L,5.5-6.5,5.0-5.5,2566
10860601,860601,53,L,5.0-5..5,4.5-5.5,2566
10860602,860602,32,L,5.0-5.5,4.5-5.0,2566
10860603,860603,53,L,5.0-5.5,4.5-5.5,2566
10860604,860604,53,L,5.0-5.5,4.5-5.5,2566
10860701,860701,62,zSC,zSC,zSC,2566
10860702,860702,50,L,5.5-6.5,5.0-5.5,2566
10860703,860703,62,zSC,zSC,zSC,2566
10860704,860704,62,zSC,zSC,zSC,2566
10860705,860705,23,L,6.0-7.0,6.0-8.0,2566
10860706,860706,62,zSC,zSC,zSC,2566
10860707,860707,62,zSC,zSC,zSC,2566
10860708,860708,62,zSC,zSC,zSC,2566
10860709,860709,51,L,4.5-5.0,4.5-5.5,2566
10860710,860710,62,zSC,zSC,zSC,2566
10860711,860711,62,zSC,zSC,zSC,2566
10860801,860801,999,zI,zI,zI,2566
10860802,860802,13,H,6.0-8.0,7.5-8.0,2566
10860803,860803,51,L,4.5-5.0,4.5-5.5,2566
10860804,860804,62,zSC,zSC,zSC,2566
10900101,900101,999,zW,zW,zW,2566
10900102,900102,43,L,4.5-6.0,5.0-6.0,2566
10900103,900103,62,zSC,zSC,zSC,2566
10900104,900104,39,L,4.5-5.5,4.5-5.5,2566
10900105,900105,62,zSC,zSC,zSC,2566
10900106,900106,62,zSC,zSC,zSC,2566
10900204,900204,53,L,5.0-5.5,4.5-5.5,2566
10900206,900206,22,L,5.0-6.0,5.5-7.0,2566
10900208,900208,999,zMARSH,zMARSH,zMARSH,2566
10900211,900211,53,L,5.0-5.5,4.5-5.5,2566
10900301,900301,39,L,4.5-5.5,4.5-5.5,2566
10900302,900302,6,L,5.5-6.5,4.5-5.5,2566
10900303,900303,39,L,4.5-5.5,4.5-5.5,2566
10900304,900304,6,L,4.5-6.0,4.5-5.5,2566
10900305,900305,62,zSC,zSC,zSC,2566
10900306,900306,39,L,4.5-5.5,4.5-5.5,2566
10900307,900307,34,L,5.0-5.5,4.5-5.0,2566
10900308,900308,6,L,5.5-6.5,4.5-5.5,2566
10900309,900309,39,L,4.5-5.5,4.5-5.5,2566
10900310,900310,62,zSC,zSC,zSC,2566
10900311,900311,39,L,4.5-5.5,4.5-5.5,2566
10900312,900312,34,L,5.0-5.5,4.5-5.0,2566
10900313,900313,39,L,4.5-5.5,4.5-5.5,2566
10900314,900314,6,L,5.5-6.5,4.5-5.5,2566
10900401,900401,50,L,5.0-6.5,4.5-5.5,2566
10900402,900402,62,zSC,zSC,zSC,2566
10900403,900403,39,L,4.5-5.5,4.5-5.5,2566
10900404,900404,62,zSC,zSC,zSC,2566
10900405,900405,34,L,5.0-5.5,4.5-5.0,2566
10900406,900406,39,L,4.5-5.5,4.5-5.5,2566
10900407,900407,50,L,5.0-6.5,4.5-5.5,2566
10900408,900408,34,L,5.0-6.5,4.5-5.5,2566
10900409,900409,34,L,5.0-5.5,4.5-5.0,2566
10900410,900410,62,zSC,zSC,zSC,2566
10900501,900501,22,L,5.5-6.5,5.5-6.5,2566
10900502,900502,43,L,4.5-6.0,5.0-6.0,2566
10900503,900503,50,L,5.0-6.5,4.5-5.5,2566
10900504,900504,39,L,4.5-5.5,4.5-5.5,2566
10900505,900505,39,L,4.5-5.5,4.5-5.5,2566
10900506,900506,50,L,5.0-6.5,4.5-5.5,2566
10900507,900507,50,L,5.0-6.5,4.5-5.5,2566
10900601,900601,39,L,4.5-5.5,4.5-5.5,2566
10900602,900602,39,L,4.5-5.5,4.5-5.5,2566
10900603,900603,50,L,5.0-6.5,4.5-5.5,2566
10900604,900604,50,L,5.0-6.5,4.5-5.5,2566
10900605,900605,39,L,4.5-5.5,4.5-5.5,2566
10900606,900606,62,zSC,zSC,zSC,2566
10900607,900607,50,L,5.0-6.5,4.5-5.5,2566
10900608,900608,50,L,5.0-6.5,4.5-5.5,2566
10900609,900609,50,L,5.0-6.5,4.5-5.5,2566
10900701,900701,53,L,5.0-5.5,4.5-5.5,2566
10900703,900703,3,M,5.5-6.5,5.5-8.0,2566
10900706,900706,53,L,5.0-5.5,4.5-5.5,2566
10900710,900710,43,L,4.5-6.0,5.0-6.0,2566
10900711,900711,10,M,4.5-5.0,<4.5,2566
10900801,900801,50,L,5.5-6.5,5.0-5.5,2566
10900802,900802,53,L,5.0-5.5,4.5-5.5,2566
10900803,900803,50,L,5.5-6.5,5.0-5.5,2566
10900804,900804,22,L,5.0-6.0,5.5-7.0,2566
10900901,900901,62,zSC,zSC,zSC,2566
10900902,900902,17,L,4.5-6.0,4.5-5.5,2566
10900903,900903,6,L,5.5-6.5,4.5-5.5,2566
10900904,900904,51,L,4.5-5.0,4.5-5.5,2566
10900909,900909,34,L,5.0-5.5,4.5-5.0,2566
10901001,901001,60,M,5.0-6.5,5.5-7.0,2566
10901002,901002,62,zSC,zSC,zSC,2566
10901003,901003,45,L,5.5-6.5,4.5-5.5,2566
10901004,901004,39,L,4.5-5.5,4.5-5.5,2566
10901005,901005,45,L,5.0-6.0,4.5-5.5,2566
10901006,901006,34,L,5.0-5.5,4.5-5.0,2566
10901007,901007,62,zSC,zSC,zSC,2566
10901008,901008,45,L,5.0-6.0,4.5-5.5,2566
10901009,901009,45,L,5.5-6.5,4.5-5.5,2566
10901101,901101,39,L,4.5-5.5,4.5-5.5,2566
10901102,901102,6,L,5.5-6.5,4.5-5.5,2566
10901103,901103,10,M,4.5-5.0,4.5-7.0,2566
10901104,901104,999,zW,zW,zW,2566
10901105,901105,6,L,5.5-6.5,4.5-5.5,2566
10901107,901107,53,L,5.0-5.5,4.5-5.5,2566
10901108,901108,34,L,5.0-5.5,4.5-5.0,2566
10901111,901111,53,L,5.0-5.5,4.5-5.5,2566
10901112,901112,45,L,5.0-6.0,4.5-5.5,2566
10901113,901113,39,L,4.5-5.5,4..5-5.5,2566
10901114,901114,34,L,5.0-6.5,4.5-5.5,2566
10901116,901116,34,L,5.0-5.5,4.5-5.0,2566
10901118,901118,53,L,5.0-5.5,4.5-5.5,2566
10901201,901201,39,L,4.5-5.5,4.5-5.5,2566
10901202,901202,34,L,5.0-5.5,4.5-5.0,2566
10901203,901203,34,L,5.0-5.5,4.5-5.0,2566
10901204,901204,34,L,5.0-5.5,4.5-5.0,2566
10901301,901301,45,L,5.0-6.0,4.5-5.5,2566
10901302,901302,10,M,4.5-5.0,4.5-7.0,2566
10901303,901303,6,L,5.5-6.5,4.5-5.5,2566
10901304,901304,34,L,5.0-5.5,4.5-5.0,2566
10901401,901401,17,L,4.5-6.0,4.5-5.5,2566
10901402,901402,34,L,5.0-5.5,4.5-5.0,2566
10901403,901403,14,L,4.5-5.0,4.5-5.0,2566
10901404,901404,6,L,5.5-6.5,4.5-5.5,2566
10901501,901501,43,L,5.0-6.5,5.0-6.0,2566
10901505,901505,999,zBEACH,zBEACH,zBEACH,2566
10901507,901507,14,L,4.5-5.0,4.5-5.0,2566
10901509,901509,62,zSC,zSC,zSC,2566
10901510,901510,53,L,5.0-5.5,4.5-5.5,2566
10901601,901601,45,L,5.0-6.0,4.5-5.5,2566
10901602,901602,16,L,4.5-6.0,4.5-5.5,2566
10901603,901603,6,L,5.5-6.5,4.5-5.5,2566
10901604,901604,45,L,5.0-6.0,4.5-5.5,2566
10910101,910101,32,L,4.5-6.0,5.0-5.5,2566
10910102,910102,13,H,6.0-8.0,7.5-8.0,2566
10910103,910103,51,L,4.5-5.0,4.5-5.5,2566
10910104,910104,32,L,4.5-6.0,5.0-5.5,2566
10910105,910105,6,L,5.5-6.5,4.5-5.5,2566
10910106,910106,999,zI,zI,zI,2566
10910107,910107,999,zI,zI,zI,2566
10910108,910108,45,L,5.0-6.0,4.5-5.5,2566
10910109,910109,45,L,5.0-6.0,4.5-5.5,2566
10910110,910110,13,H,6.0-8.0,7.5-8.0,2566
10910111,910111,51,L,4.5-5.0,4.5-5.5,2566
10910112,910112,26,M,5.0-6.5,4.5-5.5,2566
10910201,910201,51,L,4.5-5.0,4.5-5.5,2566
10910202,910202,51,L,4.5-5.0,4.5-5.5,2566
10910203,910203,51,L,4.5-5.0,4.5-5.5,2566
10910204,910204,34,L,5.0-5.5,4.5-5.0,2566
10910301,910301,62,zSC,zSC,zSC,2566
10910302,910302,51,L,4.5-5.0,4.5-5.5,2566
10910303,910303,51,L,4.5-5.0,4.5-5.5,2566
10910401,910401,45,L,5.0-6.0,4.5-5.5,2566
10910402,910402,45,L,5.0-6.0,4.5-5.5,2566
10910403,910403,6,L,5.5-6.5,4.5-5.5,2566
10910404,910404,6,L,5.5-6.5,4.5-5.5,2566
10910501,910501,62,zSC,zSC,zSC,2566
10910502,910502,13,H,6.0-8.0,7.5-8.0,2566
10910503,910503,45,L,5.0-6.0,4.5-5.5,2566
10910504,910504,62,zSC,zSC,zSC,2566
10910505,910505,51,L,4.5-5.0,4.5-5.5,2566
10910506,910506,13,H,6.0-8.0,7.5-8.0,2566
10910601,910601,51,L,4.5-5.0,4.5-5.5,2566
10910602,910602,51,L,4.5-5.0,4.5-5.5,2566
10910603,910603,43,L,5.0-6.5,5.0-6.0,2566
10910605,910605,51,L,4.5-5.0,4.5-5.5,2566
10910701,910701,51,L,4.5-5.0,4.5-5.5,2566
10910702,910702,51,L,4.5-5.0,4.5-5.5,2566
10920101,920101,45,L,5.0-6.0,4.5-5.5,2566
10920104,920104,26,M,5.0-6.5,4.5-5.5,2566
10920105,920105,39,L,5.0-5.5,4.5-5.0,2566
10920106,920106,51,L,5.0-5.5,4.5-5.5,2566
10920107,920107,17,L,5.5-6.5,4.5-5.5,2566
10920108,920108,26,L,4.5-5.0,4.5-5.5,2566
10920109,920109,32,L,4.5-6.0,4.5-5.0,2566
10920110,920110,17,L,4.5-5.5,4.5-5.5,2566
10920113,920113,34,L,5.0-5.5,4.5-5.0,2566
10920114,920114,34,L,5.0-5.5,4.5-5.5,2566
10920115,920115,53,L,5.0-5.5,4.5-5.5,2566
10920117,920117,32,L,4.5-6.0,4.5-5.5,2566
10920118,920118,62,L,5.0-5.5,4.5-5.5,2566
10920119,920119,62,L,zSC,4.5-5.5,2566
10920120,920120,34,L,5.0-5.5,4.5-5.0,2566
10920201,920201,62,L,5.0-5.5,zSC,2566
10920202,920202,34,L,5.0-5.5,4.5-5.0,2566
10920203,920203,62,L,zSC,zSC,2566
10920204,920204,50,L,5.5-6.5,5.0-5.5,2566
10920205,920205,62,L,zSC,zSC,2566
10920206,920206,13,L,6.0-8.0,7.5-8.0,2566
10920207,920207,50,L,zSC,4.5-5.5,2566
10920208,920208,34,L,5.0-5.5,4.5-5.5,2566
10920209,920209,34,L,5.0-5.5,4.5-5.0,2566
10920210,920210,62,L,5.0-5.5,4.5-5.5,2566
10920211,920211,50,L,5.0-6.5,4.5-5.5,2566
10920212,920212,13,H,6.0-8.0,7.5-8.0,2566
10920213,920213,62,L,6.0-8.0,zSC,2566
10920214,920214,17,L,5.0-5.5,4.5-5.5,2566
10920301,920301,26,M,5.0-6.5,4.5-5.5,2566
10920302,920302,26,L,5.0-6.5,4.5-5.5,2566
10920303,920303,26,L,4.5-5.0,4.5-5.5,2566
10920304,920304,51,L,4.5-5.0,4.5-5.5,2566
10920305,920305,32,L,4.5-6.0,4.5-5.5,2566
10920306,920306,13,L,5.0-6.5,4.5-5.5,2566
10920307,920307,34,L,5.0-5.5,4.5-5.5,2566
10920308,920308,17,L,4.5-6.0,4.5-5.5,2566
10920401,920401,13,L,6.0-8.0,4.5-5.5,2566
10920402,920402,51,L,5.0-5.5,4.5-5.5,2566
10920403,920403,51,L,4.5-5.0,4.5-5.5,2566
10920404,920404,26,M,4.5-6.0,4.5-5.5,2566
10920407,920407,13,L,5.0-6.5,4.5-5.5,2566
10920409,920409,26,L,5.0-6.5,4.5-5.5,2566
10920410,920410,13,H,6.0-8.0,7.5-8.0,2566
10920411,920411,62,L,zSC,zSC,2566
10920412,920412,26,L,5.0-6.5,4.5-5.5,2566
10920413,920413,26,L,5.0-6.5,4.5-5.5,2566
10920501,920501,34,L,5.0-6.5,4.5-5.5,2566
10920502,920502,13,L,6.0-8.0,4.5-5.5,2566
10920503,920503,34,L,zSC,4.5-5.5,2566
10920504,920504,50,L,zSC,4.5-5.5,2566
10920505,920505,62,L,zSC,4.5-5.5,2566
10920601,920601,51,L,4.5-5.0,4.5-5.5,2566
10920602,920602,62,L,5.0-5.5,4.5-5.5,2566
10920605,920605,34,L,5.0-6.5,4.5-5.5,2566
10920606,920606,62,L,zSC,4.5-5.5,2566
10920607,920607,62,L,zSC,4.5-5.5,2566
10920608,920608,62,zSC,zSC,zSC,2566
10920609,920609,34,L,5.0-6.5,4.5-5.5,2566
10920610,920610,26,L,5.0-5.5,4.5-5.5,2566
10920611,920611,51,L,4.5-5.0,4.5-5.5,2566
10920614,920614,34,L,5.0-6.5,4.5-5.5,2566
10920615,920615,17,L,4.5-6.0,4.5-5.5,2566
10920616,920616,62,L,5.0-5.5,4.5-5.5,2566
10920617,920617,34,L,5.0-5.5,4.5-5.5,2566
10920619,920619,34,L,5.0-6.5,4.5-5.5,2566
10920620,920620,51,L,4.5-5.0,4.5-5.5,2566
10920621,920621,34,L,5.0-6.5,4.5-5.5,2566
10920701,920701,50,L,5.0-5.5,4.5-5.5,2566
10920702,920702,50,L,5.0-6.5,4.5-5.5,2566
10920703,920703,34,L,5.0-6.5,4.5-5.5,2566
10920704,920704,17,L,5.0-5.5,4.5-5.5,2566
10920705,920705,62,L,5.0-6.5,4.5-5.5,2566
10920801,920801,6,L,5.5-6.5,4.5-5.5,2566
10920802,920802,26,L,5.0-5.5,4.5-5.5,2566
10920803,920803,53,L,5.0-5.5,4.5-5.5,2566
10920804,920804,26,M,5.0-6.5,4.5-5.5,2566
10920805,920805,51,L,4.5-5.0,4.5-5.5,2566
10920806,920806,34,L,5.0-5.5,4.5-5.5,2566
10920901,920901,26,L,5.0-5.5,4.5-5.5,2566
10920902,920902,26,M,5.0-5.5,4.5-5.5,2566
10920903,920903,53,L,5.0-5.5,4.5-5.5,2566
10920904,920904,51,L,4.5-5.0,4.5-5.5,2566
10920905,920905,51,L,4.5-5.0,4.5-5.5,2566
10921001,921001,39,L,6.0-8.0,4.5-5.5,2566
10921002,921002,39,L,5.0-5.5,4.5-5.5,2566
10921003,921003,999,L,zI,zI,2566
10930101,930101,62,zSC,zSC,zSC,2566
10930103,930103,16,L,4.5-6.0,4.5-5.5,2566
10930104,930104,6,L,5.0-6.0,4.5-5.5,2566
10930105,930105,6,L,4.5-6.0,4.5-5.5,2566
10930106,930106,26,L,5.0-6.0,4.5-5.5,2566
10930107,930107,5,L,5.5-6.5,4.5-5.5,2566
10930108,930108,6,L,5.0-6.0,4.5-5.5,2566
10930109,930109,22,L,4.5-6.0,4.5-5.5,2566
10930110,930110,26,L,5.0-6.5,4.5-5.5,2566
10930111,930111,39,L,4.5-5.5,4.5-5.5,2566
10930112,930112,26,M,5.0-6.5,4.5-5.5,2566
10930113,930113,6,L,5.5-6.5,4.5-5.5,2566
10930114,930114,45,L,5.0-6.0,4.5-5.5,2566
10930115,930115,62,L,zSC,zSC,2566
10930201,930201,53,L,5.0-5.5,4.5-5.5,2566
10930202,930202,45,L,5.5-6.5,4.5-5.5,2566
10930203,930203,26,L,5.0-5.5,4.5-5.5,2566
10930204,930204,26,L,5.0-5.5,4.5-5.5,2566
10930205,930205,50,L,5.5-6.5,4.5-5.5,2566
10930301,930301,45,L,5.0-6.0,4.5-5.5,2566
10930302,930302,34,L,5.0-6.0,4.5-5.5,2566
10930305,930305,6,L,5.0-5.5,4.5-5.5,2566
10930306,930306,6,L,4.5-6.0,4.5-5.5,2566
10930307,930307,45,L,5.0-6.0,4.5-5.5,2566
10930401,930401,45,L,5.0-6.0,4.5-5.5,2566
10930402,930402,51,L,5.0-5.5,4.5-5.5,2566
10930403,930403,34,L,5.0-5.5,4.5-5.5,2566
10930501,930501,45,L,5.0-6.0,4.5-5.5,2566
10930502,930502,57,M,<4.5,<4.5,2566
10930504,930504,26,L,4.5-5.0,4.5-5.5,2566
10930505,930505,62,zSC,zSC,4.5-5.5,2566
10930506,930506,6,L,4.5-6.0,4.5-5.5,2566
10930508,930508,17,L,4.5-6.0,4.5-5.5,2566
10930509,930509,26,M,5.0-6.5,4.5-5.5,2566
10930510,930510,6,L,5.5-6.5,4.5-5.5,2566
10930511,930511,62,zSC,zSC,zSC,2566
10930512,930512,57,L,<4.5,4.5-5.5,2566
10930513,930513,6,L,5.0-6.0,4.5-5.5,2566
10930516,930516,6,L,5.5-6.5,4.5-5.5,2566
10930601,930601,62,L,zSC,zSC,2566
10930602,930602,6,L,5.5-6.5,4.5-5.5,2566
10930603,930603,51,L,4.5-5.0,4.5-5.5,2566
10930604,930604,999,zMARSH,zMARSH,zMARSH,2566
10930605,930605,45,L,5.0-6.0,4.5-5.5,2566
10930606,930606,39,L,4.5-5.5,4.5-5.5,2566
10930607,930607,39,L,4.5-5.5,4.5-5.5,2566
10930701,930701,26,L,5.0-6.5,4.5-5.5,2566
10930702,930702,26,L,5.0-6.5,4.5-5.5,2566
10930703,930703,51,L,4.5-5.0,4.5-5.5,2566
10930801,930801,17,L,5.0-6.0,4.5-5.5,2566
10930802,930802,59,M,5.0-6.5,5.5-7.0,2566
10930803,930803,62,zSC,zSC,zSC,2566
10930804,930804,39,L,4.5-5.5,4..5-5.5,2566
10930806,930806,39,L,4.5-5.5,4.5-5.5,2566
10930901,930901,17,L,4.5-6.0,4.5-5.5,2566
10930902,930902,6,L,5.0-6.0,4.5-5.5,2566
10930903,930903,17,L,5.0-6.0,4.5-5.5,2566
10931001,931001,26,L,5.0-6.5,4.5-5.5,2566
10931002,931002,26,L,5.0-5.5,4.5-5.5,2566
10931003,931003,53,L,5.0-5.5,4.5-5.5,2566
10931004,931004,26,L,5.0-6.5,4.5-5.5,2566
10931101,931101,26,L,5.0-6.5,4.5-5.5,2566
10931102,931102,26,L,5.0-6.5,4.5-5.5,2566
10931103,931103,50,L,5.0-6.5,4.5-5.5,2566
10931104,931104,26,L,5.0-5.5,4.5-5.5,2566
10940106,940106,14,L,4.5-5.0,4.5-5.0,2566
10940107,940107,6,L,4.5-6.0,4.5-5.5,2566
10940109,940109,14,L,5.5-6.5,5.5-8.0,2566
10940111,940111,14,L,4.5-5.0,4.5-5.0,2566
10940112,940112,6,L,5.5-6.5,4.5-5.5,2566
10940113,940113,6,L,5.5-6.5,4.5-5.5,2566
10940201,940201,32,M,4.5-6.0,4.5-6.0,2566
10940202,940202,17,L,4.5-6.0,4.5-5.5,2566
10940203,940203,17,L,4.5-6.0,4.5-5.5,2566
10940204,940204,17,L,4.5-6.0,4.5-5.5,2566
10940205,940205,62,zSC,zSC,zSC,2566
10940206,940206,39,L,4.5-5.5,4.5-5.5,2566
10940207,940207,62,zSC,zSC,zSC,2566
10940208,940208,34,L,5.0-5.5,4.5-5.0,2566
10940211,940211,14,L,4.5-5.0,4.5-5.0,2566
10940213,940213,39,L,4.5-5.5,4.5-5.5,2566
10940214,940214,6,L,5.5-6.5,4.5-5.5,2566
10940215,940215,39,L,4.5-5.5,4.5-5.5,2566
10940301,940301,16,L,4.5-6.0,4.5-5.5,2566
10940302,940302,6,L,5.5-6.5,4.5-5.5,2566
10940303,940303,14,L,5.5-6.5,5.5-8.0,2566
10940304,940304,26,M,5.0-6.5,4.5-5.5,2566
10940305,940305,14,L,4.5-5.0,4.5-5.0,2566
10940306,940306,43,L,4.5-6.0,5.0-6.0,2566
10940307,940307,39,L,4.5-5.5,4.5-5.5,2566
10940308,940308,14,L,4.5-5.0,4.5-5.0,2566
10940310,940310,16,L,4.5-6.0,4.5-5.5,2566
10940311,940311,6,L,5.5-6.5,4.5-5.5,2566
10940312,940312,6,L,5.5-6.5,4.5-5.5,2566
10940401,940401,999,zW,zW,zW,2566
10940402,940402,14,L,5.5-6.5,5.5-8.0,2566
10940403,940403,14,L,5.5-6.5,5.5-8.0,2566
10940404,940404,42,L,4.5-6.0,5.0-6.0,2566
10940405,940405,59,M,5.0-6.5,5.5-7.0,2566
10940406,940406,14,L,4.5-5.0,4.5-5.0,2566
10940407,940407,34,L,5.0-5.5,4.5-5.0,2566
10940408,940408,42,L,4.5-6.0,5.0-6.0,2566
10940409,940409,14,L,5.5-6.5,5.5-8.0,2566
10940410,940410,42,L,4.5-6.0,5.0-6.0,2566
10940501,940501,22,L,5.5-6.5,5.5-6.5,2566
10940502,940502,10,M,4.5-5.0,<4.5,2566
10940503,940503,6,L,5.5-6.5,4.5-5.5,2566
10940504,940504,42,L,4.5-6.0,5.0-6.0,2566
10940505,940505,6,L,5.5-6.5,4.5-5.5,2566
10940506,940506,34,L,5.0-5.5,4.5-5.0,2566
10940507,940507,6,L,5.5-6.5,4.5-5.5,2566
10940508,940508,26,M,5.0-6.5,4.5-5.5,2566
10940509,940509,34,L,5.0-5.5,4.5-5.0,2566
10940510,940510,32,L,5.0-5.5,4.5-5.0,2566
10940511,940511,6,L,5.5-6.5,4.5-5.5,2566
10940512,940512,17,L,5.0-6.0,4.5-5.5,2566
10940513,940513,6,L,5.5-6.5,4.5-5.5,2566
10940601,940601,999,zMARSH,zMARSH,zMARSH,2566
10940602,940602,34,L,5.0-5.5,4.5-5.0,2566
10940603,940603,999,zMARSH,zMARSH,zMARSH,2566
10940604,940604,59,M,5.0-6.5,5.5-7.0,2566
10940701,940701,59,M,5.0-6.5,5.5-7.0,2566
10940702,940702,6,L,5.5-6.5,4.5-5.5,2566
10940703,940703,23,L,5.0-5.5,5.0-6.0,2566
10940704,940704,42,L,4.5-6.0,5.0-6.0,2566
10940705,940705,6,L,5.5-6.5,4.5-5.5,2566
10940706,940706,17,L,5.0-6.0,4.5-5.5,2566
10940707,940707,6,L,5.5-6.5,4.5-5.5,2566
10940708,940708,59,M,5.0-6.5,5.5-7.0,2566
10940709,940709,59,M,5.0-6.5,5.5-7.0,2566
10940710,940710,23,L,5.0-5.5,5.0-6.0,2566
10940711,940711,34,L,5.0-5.5,4.5-5.0,2566
10940801,940801,14,L,4.5-5.0,4.5-5.0,2566
10940802,940802,59,M,5.0-6.5,5.5-7.0,2566
10940803,940803,32,L,5.0-5.5,4.5-5.0,2566
10940804,940804,43,L,5.0-6.5,5.0-6.0,2566
10940901,940901,6,L,5.5-6.5,4.5-5.5,2566
10940902,940902,14,L,5.5-6.5,5.5-8.0,2566
10940903,940903,14,L,4.5-5.0,4.5-5.0,2566
10940904,940904,23,L,5.0-5.5,5.0-6.0,2566
10940905,940905,14,L,4.5-5.0,4.5-5.0,2566
10940906,940906,14,L,5.5-6.5,5.5-8.0,2566
10940907,940907,23,L,5.0-5.5,5.0-6.0,2566
10940908,940908,10,M,4.5-5.0,<4.5,2566
10940910,940910,14,L,5.5-6.5,5.5-8.0,2566
10940911,940911,43,L,5.0-6.5,5.0-6.0,2566
10940912,940912,32,L,5.0-5.5,4.5-5.0,2566
10940913,940913,14,L,4.5-5.0,4.5-5.0,2566
10940914,940914,14,L,4.5-5.0,4.5-5.0,2566
10940915,940915,43,L,5.0-6.5,5.0-6.0,2566
10940916,940916,14,L,5.5-6.5,5.5-8.0,2566
10940917,940917,14,L,4.5-5.0,4.5-5.0,2566
10941001,941001,6,L,5.5-6.5,4.5-5.5,2566
10941002,941002,6,L,5.5-6.5,4.5-5.5,2566
10941003,941003,6,L,5.5-6.5,4.5-5.5,2566
10941004,941004,6,L,5.5-6.5,4.5-5.5,2566
10941005,941005,6,L,5.5-6.5,4.5-5.5,2566
10941006,941006,6,L,5.5-6.5,4.5-5.5,2566
10941007,941007,6,L,5.5-6.5,4.5-5.5,2566
10941008,941008,6,L,5.5-6.5,4.5-5.5,2566
10941009,941009,6,L,5.5-6.5,4.5-5.5,2566
10941010,941010,32,L,4.5-6.0,5.0-5.5,2566
10941011,941011,26,M,5.0-6.5,4.5-5.5,2566
10941012,941012,39,L,4.5-5.5,4.5-5.5,2566
10941101,941101,62,zSC,zSC,zSC,2566
10941102,941102,32,L,5.0-5.5,4.5-5.0,2566
10941103,941103,34,M,4.5-6.0,4.5-6.0,2566
10941201,941201,6,L,5.5-6.5,4.5-5.5,2566
10941202,941202,32,M,4.5-6.0,4.5-6.0,2566
10941203,941203,39,L,4.5-5.5,4.5-5.5,2566
10950101,950101,32,L,4.5-6.0,5.0-5.5,2566
10950102,950102,26,L,5.0-6.5,4.5-5.5,2566
10950103,950103,32,L,4.5-6.0,5.0-5.5,2566
10950104,950104,34,L,5.0-5.5,4.5-5.0,2566
10950106,950106,34,L,5.0-5.5,4.5-5.0,2566
10950108,950108,32,L,4.5-6.0,5.0-5.5,2566
10950109,950109,34,L,5.0-5.5,4.5-5.0,2566
10950110,950110,50,L,5.0-6.5,4.5-5.5,2566
10950111,950111,34,L,5.0-5.5,4.5-5.0,2566
10950112,950112,32,L,4.5-6.0,5.0-5.5,2566
10950114,950114,45,L,5.5-6.5,4.5-5.5,2566
10950115,950115,34,L,5.0-5.5,4.5-5.0,2566
10950116,950116,50,L,5.5-6.5,5.0-5.5,2566
10950118,950118,6,L,5.5-6.5,4.5-5.5,2566
10950201,950201,60,M,5.0-6.5,5.5-7.0,2566
10950202,950202,60,M,5.0-6.5,5.5-7.0,2566
10950203,950203,60,M,5.0-6.5,5.5-7.0,2566
10950204,950204,53,L,5.0-5.5,4.5-5.5,2566
10950205,950205,60,M,5.0-6.5,5.5-7.0,2566
10950301,950301,51,L,4.5-5.0,4.5-5.5,2566
10950302,950302,53,L,5.0-5.5,4.5-5.5,2566
10950303,950303,53,L,5.0-5.5,4.5-5.5,2566
10950304,950304,53,L,5.0-5.5,4.5-5.5,2566
10950305,950305,51,L,4.5-5.0,4.5-5.5,2566
10950306,950306,53,L,5.0-5.5,4.5-5.5,2566
10950401,950401,51,L,4.5-5.0,4.5-5.5,2566
10950402,950402,53,L,5.0-5.5,4.5-5.5,2566
10950403,950403,50,L,5.0-6.5,4.5-5.5,2566
10950404,950404,53,L,5.0-5.5,4.5-5.5,2566
10950501,950501,34,L,5.0-5.5,4.5-5.0,2566
10950502,950502,50,L,5.5-6.5,5.0-5.5,2566
10950503,950503,50,L,5.5-6.5,5.0-5.5,2566
10950504,950504,39,L,4.5-5.5,4.5-5.5,2566
10950506,950506,26,L,5.0-6.5,4.5-5.5,2566
10950507,950507,34,L,5.0-5.5,4.5-5.0,2566
10950508,950508,34,L,5.0-6.5,4.5-5.5,2566
10950601,950601,53,L,5.0-5.5,4.5-5.5,2566
10950602,950602,51,L,4.5-5.0,4.5-5.5,2566
10950603,950603,26,L,5.0-6.5,4.5-5.5,2566
10950604,950604,50,L,5.5-6.5,5.0-5.5,2566
10950605,950605,62,zSC,zSC,zSC,2566
10950606,950606,34,L,5.0-5.5,4.5-5.0,2566
10950607,950607,34,L,5.0-5.5,4.5-5.0,2566
10950608,950608,50,L,5.5-6.5,5.0-5.5,2566
10950609,950609,50,L,5.0-6.5,4.5-5.5,2566
10950610,950610,17,L,5.0-6.0,4.5-5.5,2566
10950611,950611,50,L,5.5-6.5,5.0-5.5,2566
10950612,950612,26,L,5.0-6.5,4.5-5.5,2566
10950613,950613,50,L,5.5-6.5,5.0-5.5,2566
10950614,950614,50,L,5.0-6.5,4.5-5.5,2566
10950615,950615,32,L,5.0-5.5,4.5-5.0,2566
10950616,950616,34,L,5.0-5.5,4.5-5.0,2566
10950701,950701,34,M,4.5-6.0,4.5-6.0,2566
10950702,950702,50,L,5.0-6.5,4.5-5.5,2566
10950801,950801,34,L,5.0-5.5,4.5-5.0,2566
10950802,950802,51,L,4.5-5.0,4.5-5.5,2566
10950803,950803,32,L,4.5-6.0,5.0-5.5,2566
10950804,950804,51,L,4.5-5.0,4.5-5.5,2566
10960101,960101,43,L,5.0-6.5,5.0-6.0,2566
10960102,960102,14,L,4.5-5.0,4.5-5.0,2566
10960103,960103,6,L,5.5-6.5,4.5-5.5,2566
10960104,960104,6,L,5.5-6.5,4.5-5.5,2566
10960105,960105,14,L,4.5-5.0,4.5-5.0,2566
10960106,960106,14,L,5.5-6.5,5.5-8.0,2566
10960107,960107,43,L,5.0-6.5,5.0-6.0,2566
10960201,960201,43,L,5.0-6.5,5.0-6.0,2566
10960202,960202,14,L,4.5-5.0,4.5-5.0,2566
10960203,960203,14,L,4.5-5.0,4.5-5.0,2566
10960204,960204,43,L,5.0-6.5,5.0-6.0,2566
10960205,960205,14,L,4.5-5.0,4.5-5.0,2566
10960206,960206,32,L,4.5-6.0,5.0-5.5,2566
10960207,960207,16,L,4.5-6.0,4.5-5.5,2566
10960208,960208,14,L,4.5-5.0,4.5-5.0,2566
10960301,960301,62,zSC,zSC,zSC,2566
10960302,960302,17,L,4.5-6.0,4.5-5.5,2566
10960303,960303,26,L,5.0-5.5,4.5-5.0,2566
10960304,960304,32,M,4.5-6.0,4.5-6.0,2566
10960305,960305,14,L,4.5-5.0,4.5-5.0,2566
10960306,960306,14,L,4.5-5.0,4.5-5.0,2566
10960401,960401,34,L,5.0-5.5,4.5-5.0,2566
10960402,960402,6,L,5.5-6.5,4.5-5.5,2566
10960403,960403,26,L,5.0-5.5,4.5-5.0,2566
10960404,960404,17,L,4.5-6.0,4.5-5.5,2566
10960405,960405,17,L,4.5-6.0,4.5-5.5,2566
10960406,960406,17,L,5.0-6.0,4.5-5.5,2566
10960501,960501,32,M,4.5-6.0,4.5-6.0,2566
10960502,960502,17,L,4.5-6.0,4.5-5.5,2566
10960506,960506,26,L,5.0-5.5,4.5-5.0,2566
10960507,960507,34,L,5.0-5.5,4.5-5.0,2566
10960508,960508,34,L,5.0-5.5,4.5-5.0,2566
10960509,960509,34,L,5.0-5.5,4.5-5.0,2566
10960510,960510,26,L,5.0-5.5,4.5-5.0,2566
10960601,960601,26,L,5.0-5.5,4.5-5.0,2566
10960602,960602,34,L,5.0-5.5,4.5-5.0,2566
10960603,960603,34,L,5.0-5.5,4.5-5.0,2566
10960604,960604,34,L,5.0-5.5,4.5-5.0,2566
10960605,960605,62,zSC,zSC,zSC,2566
10960606,960606,26,L,5.0-5.5,4.5-5.0,2566
10960607,960607,26,L,5.0-5.5,4.5-5.0,2566
10960608,960608,26,L,5.0-5.5,4.5-5.0,2566
10960609,960609,50,L,5.0-5.5,4.5-5.0,2566
10960701,960701,26,L,5.0-5.5,4.5-5.0,2566
10960702,960702,26,L,5.0-5.5,4.5-5.0,2566
10960703,960703,26,L,5.0-5.5,4.5-5.0,2566
10960704,960704,26,L,5.0-5.5,4.5-5.0,2566
10960705,960705,26,L,5.0-5.5,4.5-5.0,2566
10960706,960706,26,L,5.0-5.5,4.5-5.0,2566
10960801,960801,17,L,5.0-6.0,4.5-5.5,2566
10960802,960802,6,L,5.5-6.5,4.5-5.5,2566
10960803,960803,34,L,5.0-5.5,4.5-5.0,2566
10960804,960804,26,L,5.0-5.5,4.5-5.0,2566
10960805,960805,34,L,5.0-5.5,4.5-5.0,2566
10960806,960806,34,L,5.0-5.5,4.5-5.0,2566
10960901,960901,53,L,5.0-5.5,4.5-5.5,2566
10960902,960902,53,L,5.0-5.5,4.5-5.5,2566
10960903,960903,34,M,4.5-6.0,4.5-6.0,2566
10960904,960904,53,L,5.0-5.5,4.5-5.5,2566
10960905,960905,26,L,5.0-5.5,4.5-5.0,2566
10961001,961001,58,H,<4.5,<4.5,2566
10961002,961002,26,M,5.0-6.5,4.5-5.5,2566
10961003,961003,14,L,4.5-5.0,4.5-5.0,2566
10961004,961004,14,L,4.5-5.0,4.5-5.0,2566
10961101,961101,6,L,5.5-6.5,4.5-5.5,2566
10961102,961102,58,H,<4.5,<4.5,2566
10961103,961103,6,L,5.0-6.0,4.5-5.5,2566
10961104,961104,6,L,5.5-6.5,4.5-5.5,2566
10961105,961105,34,L,5.0-5.5,4.5-5.0,2566
10961106,961106,32,L,4.5-6.0,5.0-5.5,2566
10961201,961201,53,L,5.0-5.5,4.5-5.5,2566
10961202,961202,53,L,5.0-5.5,4.5-5.5,2566
10961203,961203,34,L,5.0-5.5,4.5-5.0,2566
10961204,961204,53,L,5.0-5.5,4.5-5.5,2566
10961301,961301,6,L,5.0-6.0,4.5-5.5,2566
10961302,961302,34,L,5.0-5.5,4.5-5.0,2566
10961303,961303,10,M,4.5-5.0,4.5-7.0,2566